status,Game Name,Original Price,Sale Price,Sale Rate,Date,End Date,Page Link
added,VALIS IV,18700,14960,20%,2025-10-09,2025/11/4 23:59,https://store.nintendo.co.kr/70010000057750
added,VALIS: The Fantasm Soldier Collection II,55800,44640,20%,2025-10-09,2025/11/4 23:59,https://store.nintendo.co.kr/70010000056554
added,S. Prysm Destroyer,10000,4500,55%,2025-10-09,2025/10/23 23:59,https://store.nintendo.co.kr/70010000090103
added,Death's Gambit: Afterlife (데스 갬빗: 애프터라이프),42000,12600,70%,2025-10-09,2025/10/15 23:59,https://store.nintendo.co.kr/70010000049976
added,Ancient Phantasma,18900,11340,40%,2025-10-09,2025/10/29 23:59,https://store.nintendo.co.kr/70010000081884
added,Inkulinati,31000,9300,70%,2025-10-09,2025/11/4 23:59,https://store.nintendo.co.kr/70010000074049
added,RunBean Galactic,5000,1500,70%,2025-10-09,2025/10/23 23:59,https://store.nintendo.co.kr/70010000060682
added,RPGolf Legends,39290,17680,55%,2025-10-09,2025/10/29 23:59,https://store.nintendo.co.kr/70010000035511
added,Cooking Tycoons 3: 3 in 1 Bundle,16200,1000,94%,2025-10-09,2025/11/4 23:59,https://store.nintendo.co.kr/70010000042694
added,SYD OF VALIS,18700,14960,20%,2025-10-09,2025/11/4 23:59,https://store.nintendo.co.kr/70010000057754
added,Valis III,18700,14960,20%,2025-10-09,2025/11/4 23:59,https://store.nintendo.co.kr/70010000049205
added,Goodbye Deponia,12000,1200,90%,2025-10-09,2025/11/4 23:59,https://store.nintendo.co.kr/70010000015099
added,Pretty Girls Klondike Solitaire PLUS,6000,3000,50%,2025-10-09,2025/10/23 23:59,https://store.nintendo.co.kr/70010000074278
added,Super Woden GP,15000,6000,60%,2025-10-09,2025/10/23 23:59,https://store.nintendo.co.kr/70010000051811
added,Sweet Bakery Tycoon - 스위트 베이커리 타이쿤,5600,1000,82%,2025-10-09,2025/11/4 23:59,https://store.nintendo.co.kr/70010000038679
added,Into The Emberlands,7800,2730,65%,2025-10-09,2025/11/4 23:59,https://store.nintendo.co.kr/70010000075649
added,GUNGUNGUN,5000,1000,80%,2025-10-09,2025/10/23 23:59,https://store.nintendo.co.kr/70010000046098
added,Highway Moto Racing Rush 2023 Simulator,17560,4190,76%,2025-10-09,2025/10/22 23:59,https://store.nintendo.co.kr/70010000069036
added,Kosmonavtes: Academy Escape,6900,1380,80%,2025-10-09,2025/11/4 23:59,https://store.nintendo.co.kr/70010000047585
added,Hell Well,5000,1750,65%,2025-10-09,2025/10/23 23:59,https://store.nintendo.co.kr/70010000070385
added,Valis: The Fantasm Soldier Collection,50000,40000,20%,2025-10-09,2025/11/4 23:59,https://store.nintendo.co.kr/70010000050033
added,Kumamon Run,6300,4410,30%,2025-10-09,2025/11/4 23:59,https://store.nintendo.co.kr/70010000074770
added,Exo-Calibre,8000,5200,35%,2025-10-09,2025/10/23 23:59,https://store.nintendo.co.kr/70010000095622
added,VALIS III (MEGA DRIVE),18700,14960,20%,2025-10-09,2025/11/4 23:59,https://store.nintendo.co.kr/70010000076460
added,JARS,16400,1640,90%,2025-10-09,2025/11/4 23:59,https://store.nintendo.co.kr/70010000042883
added,Alive Paint,5000,1750,65%,2025-10-09,2025/10/23 23:59,https://store.nintendo.co.kr/70010000067639
added,Dead End City,15000,6000,60%,2025-10-09,2025/10/23 23:59,https://store.nintendo.co.kr/70010000065521
added,Child Run - City Surfers Runner,6990,4400,37%,2025-10-09,2025/10/22 23:59,https://store.nintendo.co.kr/70010000066544
added,The Night of the Rabbit,21000,6300,70%,2025-10-09,2025/11/4 23:59,https://store.nintendo.co.kr/70010000044807
added,CHARRUA SOCCER - Pro Edition,15990,7990,50%,2025-10-09,2025/10/12 23:59,https://store.nintendo.co.kr/70010000074136
added,The Escape Room Chronicles ep1:The Mysterious KumaDonald's,6700,4420,34%,2025-10-09,2025/10/29 23:59,https://store.nintendo.co.kr/70010000067120
added,Kosmonavtes: Escape Reality,4500,1000,78%,2025-10-09,2025/11/4 23:59,https://store.nintendo.co.kr/70010000043557
added,Debut Project: Cooking Café,47000,31000,34%,2025-10-09,2025/10/29 23:59,https://store.nintendo.co.kr/70010000083048
added,Alien Breakout,6000,4200,30%,2025-10-09,2025/10/23 23:59,https://store.nintendo.co.kr/70010000099659
added,Wildcat Gun Machine,16400,1640,90%,2025-10-09,2025/11/4 23:59,https://store.nintendo.co.kr/70010000044392
added,Capes,39500,19750,50%,2025-10-09,2025/11/4 23:59,https://store.nintendo.co.kr/70010000068884
added,The Dark Eye: Memoria,22000,2200,90%,2025-10-09,2025/11/4 23:59,https://store.nintendo.co.kr/70010000052072
added,Kingdom Two Crowns,20500,4000,80%,2025-10-09,2025/10/23 23:59,https://store.nintendo.co.kr/70010000042688
added,The Suicide of Rachel Foster,21800,2180,90%,2025-10-09,2025/11/4 23:59,https://store.nintendo.co.kr/70010000044283
added,Sword & Fairy Inn 2,22500,7870,65%,2025-10-09,2025/10/23 23:59,https://store.nintendo.co.kr/70010000059754
added,Pretty Girls Breakers! PLUS,8000,3600,55%,2025-10-09,2025/10/23 23:59,https://store.nintendo.co.kr/70010000062508
added,3D Don't Die Mr. Robot,12000,6000,50%,2025-10-09,2025/10/23 23:59,https://store.nintendo.co.kr/70010000089934
added,Knights of Braveland,27100,10950,60%,2025-10-09,2025/10/23 23:59,https://store.nintendo.co.kr/70010000070173
added,VALIS: The Fantasm Soldier (Family Computer),18700,14960,20%,2025-10-09,2025/11/4 23:59,https://store.nintendo.co.kr/70010000076452
added,RedRaptor,6000,1980,67%,2025-10-09,2025/10/23 23:59,https://store.nintendo.co.kr/70010000065511
added,Edge of Sanity,20900,9400,55%,2025-10-09,2025/11/4 23:59,https://store.nintendo.co.kr/70010000073549
added,Kart Crazy Race Simulator Game,6170,4440,28%,2025-10-09,2025/10/22 23:59,https://store.nintendo.co.kr/70010000061501
added,Once Upon a Puppet,27000,17550,35%,2025-10-09,2025/11/4 23:59,https://store.nintendo.co.kr/70010000088930
added,AVENGER,18700,14960,20%,2025-10-09,2025/11/4 23:59,https://store.nintendo.co.kr/70010000063956
added,Airborne Grannies 날아라 할머니,14000,1000,93%,2025-10-09,2025/11/4 23:59,https://store.nintendo.co.kr/70010000097129
added,셜록 홈즈: 베스커빌 가문 이야기,18900,2830,85%,2025-10-09,2025/11/4 23:59,https://store.nintendo.co.kr/70010000054414
added,Anna's Quest,19000,1900,90%,2025-10-09,2025/11/4 23:59,https://store.nintendo.co.kr/70010000042641
added,Blazing Trail,15000,7500,50%,2025-10-09,2025/10/23 23:59,https://store.nintendo.co.kr/70010000093270
added,Journey to Kreisia,18900,11340,40%,2025-10-09,2025/10/29 23:59,https://store.nintendo.co.kr/70010000086734
added,GAIARES,18700,14960,20%,2025-10-09,2025/11/4 23:59,https://store.nintendo.co.kr/70010000063955
added,Life of Delta,26000,6500,75%,2025-10-09,2025/11/4 23:59,https://store.nintendo.co.kr/70010000050373
added,루도마니아 (Ludomania),5900,1000,83%,2025-10-09,2025/11/4 23:59,https://store.nintendo.co.kr/70010000011743
added,Nephenthesys,6000,3000,50%,2025-10-09,2025/10/23 23:59,https://store.nintendo.co.kr/70010000072368
added,Neversong (네버송),19900,7960,60%,2025-10-09,2025/10/15 23:59,https://store.nintendo.co.kr/70010000029240
added,Pretty Girls Tile Match,7000,2800,60%,2025-10-09,2025/10/23 23:59,https://store.nintendo.co.kr/70010000062513
added,Children of Silentown,28000,9800,65%,2025-10-09,2025/11/4 23:59,https://store.nintendo.co.kr/70010000054435
added,Legend of Ixtona,18900,10390,45%,2025-10-09,2025/10/29 23:59,https://store.nintendo.co.kr/70010000049646
added,Pretty Girls 2048 Strike,7000,3500,50%,2025-10-09,2025/10/23 23:59,https://store.nintendo.co.kr/70010000065114
added,Jinshin,18900,9450,50%,2025-10-09,2025/10/29 23:59,https://store.nintendo.co.kr/70010000073723
added,Shift Happens,12000,1200,90%,2025-10-09,2025/11/4 23:59,https://store.nintendo.co.kr/70010000052333
added,켄 폴릿의 '대지의 기둥'(Ken Follett's The Pillars of the Earth),19000,1900,90%,2025-10-09,2025/11/4 23:59,https://store.nintendo.co.kr/70010000062608
added,다함께 쿠키요미,5250,2620,50%,2025-10-09,2025/11/4 23:59,https://store.nintendo.co.kr/70010000027865
added,Unrailed!,25990,5190,80%,2025-10-09,2025/11/4 23:59,https://store.nintendo.co.kr/70010000034669
added,Niffelheim,24900,5950,76%,2025-10-09,2025/10/23 23:59,https://store.nintendo.co.kr/70010000011348
added,핀볼 프리덤 (Pinball Freedom),12920,6460,50%,2025-10-09,2025/11/3 23:59,https://store.nintendo.co.kr/70010000045785
added,DARE TO SPREAD: ARMY TURN BASED STRATEGY,6990,4190,40%,2025-10-09,2025/10/22 23:59,https://store.nintendo.co.kr/70010000080555
added,Silence,19000,1900,90%,2025-10-09,2025/11/4 23:59,https://store.nintendo.co.kr/70010000015287
added,Spaceland,24900,5950,76%,2025-10-09,2025/10/23 23:59,https://store.nintendo.co.kr/70010000029557
added,Squiggle Drop,6800,1020,85%,2025-10-09,2025/10/23 23:59,https://store.nintendo.co.kr/70010000075089
added,VALIS: The Fantasm Soldier (MEGA DRIVE),18700,14960,20%,2025-10-09,2025/11/4 23:59,https://store.nintendo.co.kr/70010000057758
added,루트 필름,69800,13960,80%,2025-10-09,2025/10/22 23:59,https://store.nintendo.co.kr/70010000031179
added,VELONE,16400,1640,90%,2025-10-09,2025/11/4 23:59,https://store.nintendo.co.kr/70010000054604
added,VALIS: The Fantasm Soldier Collection III,71190,56950,20%,2025-10-09,2025/11/4 23:59,https://store.nintendo.co.kr/70010000074459
added,Rainbow Moon,15000,6000,60%,2025-10-09,2025/10/23 23:59,https://store.nintendo.co.kr/70010000067849
added,Touch and Reveal,13100,3990,70%,2025-10-09,2025/11/4 23:59,https://store.nintendo.co.kr/70010000088303
added,Pancake Bar Tycoon 팬케이크 바 타이쿤,5600,1000,82%,2025-10-09,2025/11/4 23:59,https://store.nintendo.co.kr/70010000037906
added,Soundfall,37900,5680,85%,2025-10-09,2025/10/23 23:59,https://store.nintendo.co.kr/70010000052601
added,SUPER VALIS IV,18700,14960,20%,2025-10-09,2025/11/4 23:59,https://store.nintendo.co.kr/70010000076510
added,Telenet Shooting Collection,61450,49160,20%,2025-10-09,2025/11/4 23:59,https://store.nintendo.co.kr/70010000063963
added,Fling to the Finish,20310,13200,35%,2025-10-09,2025/11/4 23:59,https://store.nintendo.co.kr/70010000067253
added,The Dark Eye: Chains of Satinav,22000,2200,90%,2025-10-09,2025/11/4 23:59,https://store.nintendo.co.kr/70010000052068
added,Shivering Stone,5000,1750,65%,2025-10-09,2025/10/23 23:59,https://store.nintendo.co.kr/70010000072699
added,DobbyxEscape: Pirate Adventure,5500,1100,80%,2025-10-09,2025/11/4 23:59,https://store.nintendo.co.kr/70010000066539
added,Pixel Cafe,17650,1000,94%,2025-10-09,2025/11/4 23:59,https://store.nintendo.co.kr/70010000070020
added,Panmorphia: Awakened,8500,1700,80%,2025-10-09,2025/11/4 23:59,https://store.nintendo.co.kr/70010000053014
added,Chaos on Deponia,12000,1200,90%,2025-10-09,2025/11/4 23:59,https://store.nintendo.co.kr/70010000015182
added,인피니티 스트랏슈 드래곤 퀘스트 다이의 대모험,69800,27920,60%,2025-10-09,2025/10/22 23:59,https://store.nintendo.co.kr/70010000055935
added,Intruders: Hide and Seek,26000,2600,90%,2025-10-09,2025/11/4 23:59,https://store.nintendo.co.kr/70010000015132
added,Macrotis: A Mother's Journey,11800,1770,85%,2025-10-09,2025/10/23 23:59,https://store.nintendo.co.kr/70010000028140
added,Insurmountable,26900,8070,70%,2025-10-09,2025/11/4 23:59,https://store.nintendo.co.kr/70010000065067
added,PSYCHIC STORM,18700,14960,20%,2025-10-09,2025/11/4 23:59,https://store.nintendo.co.kr/70010000063951
added,Formula Retro Racing: World Tour,24670,12330,50%,2025-10-09,2025/11/3 23:59,https://store.nintendo.co.kr/70010000060308
added,Crash Drive 3,20500,1000,95%,2025-10-09,2025/11/4 23:59,https://store.nintendo.co.kr/70010000033687
added,The Escape Room Chronicles ep2:The Old School Building,6700,4420,34%,2025-10-09,2025/10/29 23:59,https://store.nintendo.co.kr/70010000090567
added,Guns of Fury,16500,11550,30%,2025-10-09,2025/10/22 23:59,https://store.nintendo.co.kr/70010000091388
added,DobbyxEscape: Spooky Adventure,5500,1100,80%,2025-10-09,2025/11/4 23:59,https://store.nintendo.co.kr/70010000061399
added,The Red Exile - Survival Horror,6000,1980,67%,2025-10-09,2025/10/23 23:59,https://store.nintendo.co.kr/70010000058729
added,Valis II,18700,14960,20%,2025-10-09,2025/11/4 23:59,https://store.nintendo.co.kr/70010000049204
added,Fluffy Milo,5000,1750,65%,2025-10-09,2025/10/23 23:59,https://store.nintendo.co.kr/70010000065200
added,Panmorphia: Enchanted,4500,1000,78%,2025-10-09,2025/11/4 23:59,https://store.nintendo.co.kr/70010000046944
added,El Panadero -베이커-,8900,6230,30%,2025-10-09,2025/10/23 23:59,https://store.nintendo.co.kr/70010000083212
added,Zombie Rollerz: Pinball Heroes,16400,2460,85%,2025-10-09,2025/11/4 23:59,https://store.nintendo.co.kr/70010000048071
added,Fire: Ungh’s Quest,8000,1000,88%,2025-10-09,2025/11/4 23:59,https://store.nintendo.co.kr/70010000052070
added,GRANADA,18700,14960,20%,2025-10-09,2025/11/4 23:59,https://store.nintendo.co.kr/70010000063964
added,Gunkid 99,7000,1400,80%,2025-10-09,2025/10/23 23:59,https://store.nintendo.co.kr/70010000046105
added,드래곤 퀘스트 몬스터즈 3 마족 왕자와 엘프의 여행,69800,27920,60%,2025-10-09,2025/10/22 23:59,https://store.nintendo.co.kr/70010000066011
added,Warpips,28000,4200,85%,2025-10-09,2025/11/4 23:59,https://store.nintendo.co.kr/70010000054228
added,Astronite,18000,3600,80%,2025-10-09,2025/10/23 23:59,https://store.nintendo.co.kr/70010000059186
added,Color Pals,5000,1750,65%,2025-10-09,2025/10/23 23:59,https://store.nintendo.co.kr/70010000062744
added,BRAVELY DEFAULT II,69800,27920,60%,2025-10-09,2025/10/22 23:59,https://store.nintendo.co.kr/70010000035959
added,Crash Drive 2,10290,1000,90%,2025-10-09,2025/11/4 23:59,https://store.nintendo.co.kr/70010000024768
added,넛츠（NUTS),20500,3070,85%,2025-10-09,2025/10/23 23:59,https://store.nintendo.co.kr/70010000041034
added,Phantom Breaker: Battle Grounds Ultimate,29800,14900,50%,2025-10-09,2025/10/22 23:59,https://store.nintendo.co.kr/70010000062586
added,Pocket Foosball 추억의 축구필통,8500,1000,88%,2025-10-09,2025/11/4 23:59,https://store.nintendo.co.kr/70010000096982
added,Rough Justice '84,26000,6500,75%,2025-10-09,2025/11/4 23:59,https://store.nintendo.co.kr/70010000068330
added,Deadliest Deep Sea Catch Fishing Simulator,13990,4190,70%,2025-10-09,2025/10/22 23:59,https://store.nintendo.co.kr/70010000099904
added,Splash Cars,7000,1000,86%,2025-10-09,2025/10/23 23:59,https://store.nintendo.co.kr/70010000045888
added,SOUTH PARK: SNOW DAY!,34800,27840,20%,2025-10-09,2025/10/22 23:59,https://store.nintendo.co.kr/70010000080072
added,SETTRIS,6000,2100,65%,2025-10-09,2025/10/23 23:59,https://store.nintendo.co.kr/70010000072032
added,카드마스터 곰리오,21800,13080,40%,2025-10-09,2025/11/4 23:59,https://store.nintendo.co.kr/70010000093417
added,Blackguards 2,12000,1200,90%,2025-10-09,2025/11/4 23:59,https://store.nintendo.co.kr/70010000051893
added,Rush Rally 3,17500,7000,60%,2025-10-09,2025/10/23 23:59,https://store.nintendo.co.kr/70010000051409
added,Roxy Raccoon's Pinball Panic,10000,3500,65%,2025-10-09,2025/10/23 23:59,https://store.nintendo.co.kr/70010000058736
added,Magic Exposure - Yuri Visual Novel,5000,2000,60%,2025-10-09,2025/10/23 23:59,https://store.nintendo.co.kr/70010000063631
added,Kingdom Eighties,14900,5960,60%,2025-10-09,2025/10/23 23:59,https://store.nintendo.co.kr/70010000061382
added,Marooners,16700,1000,94%,2025-10-09,2025/11/4 23:59,https://store.nintendo.co.kr/70010000025051
added,Breakfast Bar Tycoon,5600,1000,82%,2025-10-09,2025/11/4 23:59,https://store.nintendo.co.kr/70010000056902
added,Rayland 2,6000,3000,50%,2025-10-09,2025/10/23 23:59,https://store.nintendo.co.kr/70010000065526
added,Candy Puzzles,5550,1500,73%,2025-10-09,2025/11/4 23:59,https://store.nintendo.co.kr/70010000080518
added,Jet Ski Rush 제트 스키 러시,5550,1500,73%,2025-10-09,2025/11/4 23:59,https://store.nintendo.co.kr/70010000097618
added,Celeste,21500,5380,75%,2025-10-09,2025/11/3 23:59,https://store.nintendo.co.kr/70010000064972
added,Super Trunko Go,10000,2000,80%,2025-10-09,2025/10/23 23:59,https://store.nintendo.co.kr/70010000066363
added,Alphadia Genesis 2,18900,9450,50%,2025-10-09,2025/10/29 23:59,https://store.nintendo.co.kr/70010000041233
added,Urban Survival Simulator: The Bum's Journey,17990,4840,73%,2025-10-09,2025/10/22 23:59,https://store.nintendo.co.kr/70010000082306
added,Phantom Breaker: Omnia,19800,9900,50%,2025-10-09,2025/10/22 23:59,https://store.nintendo.co.kr/70010000027538
added,Valis: The Fantasm Soldier,18700,14960,20%,2025-10-09,2025/11/4 23:59,https://store.nintendo.co.kr/70010000049200
added,Gravitators,10000,4000,60%,2025-10-09,2025/10/23 23:59,https://store.nintendo.co.kr/70010000054932
added,AER Memories of Old,12000,1200,90%,2025-10-09,2025/11/4 23:59,https://store.nintendo.co.kr/70010000052341
added,Kovox Pitch,8000,2400,70%,2025-10-09,2025/10/23 23:59,https://store.nintendo.co.kr/70010000057454
added,Agriculture,5000,1750,65%,2025-10-09,2025/10/23 23:59,https://store.nintendo.co.kr/70010000062843
added,Formula Retro Racing,18270,9130,50%,2025-10-09,2025/11/3 23:59,https://store.nintendo.co.kr/70010000049782
added,Keeper's Toll,9000,7200,20%,2025-10-09,2025/10/23 23:59,https://store.nintendo.co.kr/70010000093325
added,Kawaii Slime Arena,7000,2450,65%,2025-10-09,2025/10/23 23:59,https://store.nintendo.co.kr/70010000060385
added,Deponia Doomsday,12000,1200,90%,2025-10-09,2025/11/4 23:59,https://store.nintendo.co.kr/70010000043179
added,VALIS: The Fantasm Soldier (PC-88),18700,14960,20%,2025-10-09,2025/11/4 23:59,https://store.nintendo.co.kr/70010000076448
added,VALIS: The Fantasm Soldier (MSX),18700,14960,20%,2025-10-09,2025/11/4 23:59,https://store.nintendo.co.kr/70010000057762
added,Garbage Driver Truck Simulator 2025,10990,3990,64%,2025-10-09,2025/10/22 23:59,https://store.nintendo.co.kr/70010000081337
added,Explosive Candy World,5000,1000,80%,2025-10-09,2025/10/23 23:59,https://store.nintendo.co.kr/70010000047642
added,Deponia,12000,1200,90%,2025-10-09,2025/11/4 23:59,https://store.nintendo.co.kr/70010000016121
added,VALIS: The Fantasm Soldier II (MSX2),18700,14960,20%,2025-10-09,2025/11/4 23:59,https://store.nintendo.co.kr/70010000076456
added,Panmorphia,6900,1380,80%,2025-10-09,2025/11/4 23:59,https://store.nintendo.co.kr/70010000046235
added,Go Go Jump!!!,10000,3500,65%,2025-10-09,2025/10/23 23:59,https://store.nintendo.co.kr/70010000068553
removed,블루 파이어 (Blue Fire),25000,6250,75%,2025-10-08,2025/10/8 23:59,https://store.nintendo.co.kr/70010000040008
removed,인 사운드 마인드 (In Sound Mind),36000,7200,80%,2025-10-08,2025/10/8 23:59,https://store.nintendo.co.kr/70010000040820
removed,Garden of Merging Numbers,4500,1000,78%,2025-10-08,2025/10/8 23:59,https://store.nintendo.co.kr/70010000095313
removed,블레이블루 크로스 태그 배틀,39800,7960,80%,2025-10-08,2025/10/8 23:59,https://store.nintendo.co.kr/70010000009601
removed,THEATRHYTHM FINAL BAR LINE,62000,31000,50%,2025-10-08,2025/10/8 23:59,https://store.nintendo.co.kr/70010000055208
removed,Zombie Survivors,5400,1000,81%,2025-10-08,2025/10/8 23:59,https://store.nintendo.co.kr/70010000053867
removed,팬텀 킹덤,29800,20860,30%,2025-10-08,2025/10/8 23:59,https://store.nintendo.co.kr/70010000087922
removed,Life is Strange: True Colors,69800,20940,70%,2025-10-08,2025/10/8 23:59,https://store.nintendo.co.kr/70010000034696
removed,WILD HEARTS S,59800,53820,10%,2025-10-08,2025/10/8 23:59,https://store.nintendo.co.kr/70010000097421
removed,카오스 코드 -뉴 사인 오브 카타스트로피-,9800,1960,80%,2025-10-08,2025/10/8 23:59,https://store.nintendo.co.kr/70010000028770
removed,Warparty,24200,9680,60%,2025-10-08,2025/10/8 23:59,https://store.nintendo.co.kr/70010000021062
removed,SaGa Emerald Beyond,59800,29900,50%,2025-10-08,2025/10/8 23:59,https://store.nintendo.co.kr/70010000077233
removed,Yabai Girls: Hot Hiker,9000,2990,67%,2025-10-08,2025/10/8 23:59,https://store.nintendo.co.kr/70010000100453
removed,PICROSS S MEGA DRIVE & Master System edition,12000,9600,20%,2025-10-08,2025/10/8 23:59,https://store.nintendo.co.kr/70010000042753
removed,스피릿 오브 더 노스,20500,3080,85%,2025-10-08,2025/10/8 23:59,https://store.nintendo.co.kr/70010000035506
removed,포스트 보이드 (POST VOID),7500,3000,60%,2025-10-08,2025/10/8 23:59,https://store.nintendo.co.kr/70010000057364
removed,PICROSS S9,11000,8800,20%,2025-10-08,2025/10/8 23:59,https://store.nintendo.co.kr/70010000058963
removed,POGO Stadium,14500,9800,32%,2025-10-08,2025/10/8 23:59,https://store.nintendo.co.kr/70010000104219
removed,클라우드펑크,26000,3900,85%,2025-10-08,2025/10/8 23:59,https://store.nintendo.co.kr/70010000035520
removed,데드 셀 (Dead Cells),29800,14900,50%,2025-10-08,2025/10/8 23:59,https://store.nintendo.co.kr/70010000010203
removed,MINE SWEEPER MILLION,4500,3600,20%,2025-10-08,2025/10/8 23:59,https://store.nintendo.co.kr/70010000078753
removed,마모루 군은 저주받아버렸다! ReCurse,34800,31320,10%,2025-10-08,2025/10/8 23:59,https://store.nintendo.co.kr/70010000092864
removed,라이브러리 오브 루이나 (Library Of Ruina),49800,29880,40%,2025-10-08,2025/10/8 23:59,https://store.nintendo.co.kr/70010000057311
removed,라피스 리 어비스,59800,29900,50%,2025-10-08,2025/10/8 23:59,https://store.nintendo.co.kr/70010000013422
removed,SOULVARS,21400,8560,60%,2025-10-08,2025/10/8 23:59,https://store.nintendo.co.kr/70010000061872
removed,사일런트 월드,5000,2500,50%,2025-10-08,2025/10/8 23:59,https://store.nintendo.co.kr/70010000026868
removed,셜록 홈즈 어웨이큰드,49800,24900,50%,2025-10-08,2025/10/8 23:59,https://store.nintendo.co.kr/70010000065278
removed,랑그릿사 I & II,64800,12960,80%,2025-10-08,2025/10/8 23:59,https://store.nintendo.co.kr/70010000022319
removed,소피의 아틀리에2 ~신비한 꿈의 연금술사~,69800,34900,50%,2025-10-08,2025/10/8 23:59,https://store.nintendo.co.kr/70010000041914
removed,정글리안 이야기（The tales of Djungarian hamster）,10000,3000,70%,2025-10-08,2025/10/8 23:59,https://store.nintendo.co.kr/70010000038443
removed,용사 넵튠 세계여 우주여 주목하라!! 얼티밋 RPG 선언!!,49800,24900,50%,2025-10-08,2025/10/8 23:59,https://store.nintendo.co.kr/70010000012345
removed,이스 X -노딕스-,79200,55440,30%,2025-10-08,2025/10/8 23:59,https://store.nintendo.co.kr/70010000071018
removed,void tRrLM(); //보이드 테라리움,54800,27400,50%,2025-10-08,2025/10/8 23:59,https://store.nintendo.co.kr/70010000039677
removed,Mushoku Tensei: Jobless Reincarnation Quest of Memories,60950,48760,20%,2025-10-08,2025/10/8 23:59,https://store.nintendo.co.kr/70010000063381
removed,유그드라 유니온,19800,7920,60%,2025-10-08,2025/10/8 23:59,https://store.nintendo.co.kr/70010000035187
removed,Flutter Away 플러터 어웨이,16500,9900,40%,2025-10-08,2025/10/8 23:59,https://store.nintendo.co.kr/70010000062925
removed,BACKGAMMON PRO for Nintendo Switch,8990,3000,67%,2025-10-08,2025/10/8 23:59,https://store.nintendo.co.kr/70010000056801
removed,Disney Dreamlight Valley,50400,35280,30%,2025-10-08,2025/10/8 23:59,https://store.nintendo.co.kr/70010000033553
removed,NBA 2K 플레이그라운드 2,32000,8000,75%,2025-10-08,2025/10/8 23:59,https://store.nintendo.co.kr/70010000013729
removed,LOST EPIC,21000,10500,50%,2025-10-08,2025/10/8 23:59,https://store.nintendo.co.kr/70010000059710
removed,원더보이 : 드래곤즈 트랩,39000,9750,75%,2025-10-08,2025/10/8 23:59,https://store.nintendo.co.kr/70010000012248
removed,퍼즐버블 에브리버블!,49800,29880,40%,2025-10-08,2025/10/8 23:59,https://store.nintendo.co.kr/70010000063915
removed,MazM: 페치카,15000,7500,50%,2025-10-08,2025/10/8 23:59,https://store.nintendo.co.kr/70010000075059
removed,레전드 오브 레거시 HD Remastered,58000,17400,70%,2025-10-08,2025/10/8 23:59,https://store.nintendo.co.kr/70010000069707
removed,Goonya Monster,19800,9900,50%,2025-10-08,2025/10/8 23:59,https://store.nintendo.co.kr/70010000050260
removed,COTTOn Reboot!,39800,11940,70%,2025-10-08,2025/10/8 23:59,https://store.nintendo.co.kr/70010000037693
removed,짱구는 못말려 태풍을 부르는 불타는 떡잎마을 런너!!,12000,6000,50%,2025-10-08,2025/10/8 23:59,https://store.nintendo.co.kr/70010000028322
removed,Blanc　블랑,19230,9610,50%,2025-10-08,2025/10/8 23:59,https://store.nintendo.co.kr/70010000038142
removed,고리: 귀여운 학살자 (Gori: Cuddly Carnage),29800,17880,40%,2025-10-08,2025/10/8 23:59,https://store.nintendo.co.kr/70010000083841
removed,PICROSS S6,11000,8800,20%,2025-10-08,2025/10/8 23:59,https://store.nintendo.co.kr/70010000038346
removed,네모난 지구에 또다시 적이 나타났다고!? 디지복셀 지구방위군 2,66000,39600,40%,2025-10-08,2025/10/8 23:59,https://store.nintendo.co.kr/70010000073734
removed,쉐피,5000,2500,50%,2025-10-08,2025/10/8 23:59,https://store.nintendo.co.kr/70010000013576
removed,바이오쇼크: 더 컬렉션,54000,10800,80%,2025-10-08,2025/10/8 23:59,https://store.nintendo.co.kr/70010000030520
removed,폭렬! 스위츠 랜드,33000,16500,50%,2025-10-08,2025/10/8 23:59,https://store.nintendo.co.kr/70010000079116
removed,도토리,12000,4800,60%,2025-10-08,2025/10/8 23:59,https://store.nintendo.co.kr/70010000036932
removed,무쌍OROCHI3 Ultimate,64800,32400,50%,2025-10-08,2025/10/8 23:59,https://store.nintendo.co.kr/70070000009402
removed,글로리아 유니온 -Twin fates in blue ocean-,22000,8800,60%,2025-10-08,2025/10/8 23:59,https://store.nintendo.co.kr/70010000047307
removed,PICROSS S3,11000,8800,20%,2025-10-08,2025/10/8 23:59,https://store.nintendo.co.kr/70010000030030
removed,We. The Revolution,21500,1300,94%,2025-10-08,2025/10/8 23:59,https://store.nintendo.co.kr/70010000066531
removed,Nurilogy 1000,4500,3600,20%,2025-10-08,2025/10/8 23:59,https://store.nintendo.co.kr/70010000097016
removed,얼라이언스 얼라이브 HD Remastered,58000,11600,80%,2025-10-08,2025/10/8 23:59,https://store.nintendo.co.kr/70010000019372
removed,STAR OCEAN THE SECOND STORY R,59800,35880,40%,2025-10-08,2025/10/8 23:59,https://store.nintendo.co.kr/70010000062081
removed,Z World Zombie Death War : Survival Platformer Game Left Killer Box 2023,5990,3990,33%,2025-10-08,2025/10/8 23:59,https://store.nintendo.co.kr/70010000059294
removed,FINAL FANTASY IV,21900,14010,36%,2025-10-08,2025/10/8 23:59,https://store.nintendo.co.kr/70010000056579
removed,닌자 일섬 (Ninja Issen) : The Scroll of Dimension,14900,12660,15%,2025-10-08,2025/10/8 23:59,https://store.nintendo.co.kr/70010000083609
removed,로맨싱 사가 -민스트럴 송- 리마스터,54800,27400,50%,2025-10-08,2025/10/8 23:59,https://store.nintendo.co.kr/70010000061415
removed,좀비 블리츠 (Zombie Blitz),4900,4160,15%,2025-10-08,2025/10/8 23:59,https://store.nintendo.co.kr/70010000088495
removed,진・삼국무쌍８ Empires,64800,32400,50%,2025-10-08,2025/10/8 23:59,https://store.nintendo.co.kr/70010000033961
removed,Solitaire Collection,9170,1000,89%,2025-10-08,2025/10/8 23:59,https://store.nintendo.co.kr/70010000055827
removed,레드 데드 리뎀션,64800,38880,40%,2025-10-08,2025/10/8 23:59,https://store.nintendo.co.kr/70010000058658
removed,X-Force Genesis,12000,1000,92%,2025-10-08,2025/10/8 23:59,https://store.nintendo.co.kr/70010000044178
removed,언더 나이트 인버스 2 시스타셀레스,69800,34900,50%,2025-10-08,2025/10/8 23:59,https://store.nintendo.co.kr/70010000056756
removed,엠버 (Embr),20500,4100,80%,2025-10-08,2025/10/8 23:59,https://store.nintendo.co.kr/70010000041343
removed,PICROSS S2,9500,7600,20%,2025-10-08,2025/10/8 23:59,https://store.nintendo.co.kr/70010000010139
removed,레일웨이 엠파이어,39800,13930,65%,2025-10-08,2025/10/8 23:59,https://store.nintendo.co.kr/70010000026874
removed,AKAIITO HD REMASTER,15500,10000,35%,2025-10-08,2025/10/8 23:59,https://store.nintendo.co.kr/70010000062829
removed,King of Ping Pong: MEGAMIX,9000,7200,20%,2025-10-08,2025/10/8 23:59,https://store.nintendo.co.kr/70010000094421
removed,모태솔로,19900,9950,50%,2025-10-08,2025/10/8 23:59,https://store.nintendo.co.kr/70010000068066
removed,FINAL FANTASY XII THE ZODIAC AGE,54400,21760,60%,2025-10-08,2025/10/8 23:59,https://store.nintendo.co.kr/70010000016505
removed,기간토사우루스 더 게임,29800,8940,70%,2025-10-08,2025/10/8 23:59,https://store.nintendo.co.kr/70010000028578
removed,라스트 키즈 온 어스 (The Last Kids on Earth and the Staff of Doom),35000,10500,70%,2025-10-08,2025/10/8 23:59,https://store.nintendo.co.kr/70010000037330
removed,염룡성권 샤오메이,17000,6800,60%,2025-10-08,2025/10/8 23:59,https://store.nintendo.co.kr/70010000061859
removed,Castle of Shikigami2,21500,17200,20%,2025-10-08,2025/10/8 23:59,https://store.nintendo.co.kr/70010000065821
removed,TOW TRUCK Driver Simulator 2023,19990,4390,78%,2025-10-08,2025/10/8 23:59,https://store.nintendo.co.kr/70010000068006
removed,FINAL FANTASY II,14900,9530,36%,2025-10-08,2025/10/8 23:59,https://store.nintendo.co.kr/70010000056569
removed,스마일모(Smilemo),9900,4950,50%,2025-10-08,2025/10/8 23:59,https://store.nintendo.co.kr/70010000056306
removed,프린세스 메이커 -꿈꾸는 요정-,29800,11920,60%,2025-10-08,2025/10/8 23:59,https://store.nintendo.co.kr/70010000009369
removed,CRYSTAR -크라이스타-,54800,13700,75%,2025-10-08,2025/10/8 23:59,https://store.nintendo.co.kr/70010000046606
removed,From Shadows,5600,1000,82%,2025-10-08,2025/10/8 23:59,https://store.nintendo.co.kr/70010000065225
removed,레나티스,74800,37400,50%,2025-10-08,2025/10/8 23:59,https://store.nintendo.co.kr/70010000078611
removed,샨테와 일곱 사이렌,44800,22400,50%,2025-10-08,2025/10/8 23:59,https://store.nintendo.co.kr/70010000033508
removed,다키스트 던전,27000,5400,80%,2025-10-08,2025/10/8 23:59,https://store.nintendo.co.kr/70010000040591
removed,타이토 마일스톤 3,49000,34300,30%,2025-10-08,2025/10/8 23:59,https://store.nintendo.co.kr/70010000082610
removed,과몰입금지 (I Fall in Love too Easily),27400,21920,20%,2025-10-08,2025/10/8 23:59,https://store.nintendo.co.kr/70010000075693
removed,돌연변이 닌자 거북이: 슈레더의 복수 (Teenage Mutant Ninja Turtles: Shredder's Revenge),29800,17880,40%,2025-10-08,2025/10/8 23:59,https://store.nintendo.co.kr/70010000052145
removed,던그리드,16900,12670,25%,2025-10-08,2025/10/8 23:59,https://store.nintendo.co.kr/70010000014348
removed,TriggerHeart EXELICA ENHANCED,43760,35000,20%,2025-10-08,2025/10/8 23:59,https://store.nintendo.co.kr/70010000095697
removed,Gungrave G.O.R.E Ultimate Enhanced Edition,45000,18000,60%,2025-10-08,2025/10/8 23:59,https://store.nintendo.co.kr/70010000073159
removed,몬스터 보이와 저주받은 왕국,45000,11250,75%,2025-10-08,2025/10/8 23:59,https://store.nintendo.co.kr/70010000025057
removed,로맨싱 사가 3,49800,14940,70%,2025-10-08,2025/10/8 23:59,https://store.nintendo.co.kr/70010000039477
removed,휴먼: 폴 플랫 (Human: Fall Flat),16000,4800,70%,2025-10-08,2025/10/8 23:59,https://store.nintendo.co.kr/70010000028499
removed,루프란의 지하미궁과 마녀의 여단,59800,29900,50%,2025-10-08,2025/10/8 23:59,https://store.nintendo.co.kr/70010000013088
removed,에이오 테니스 2,59800,5980,90%,2025-10-08,2025/10/8 23:59,https://store.nintendo.co.kr/70010000029878
removed,이스 X -노딕스- 무삭제판,79200,55440,30%,2025-10-08,2025/10/8 23:59,https://store.nintendo.co.kr/70010000069621
removed,대항해시대4 with 파워업키트 HD Version,49800,34860,30%,2025-10-08,2025/10/8 23:59,https://store.nintendo.co.kr/70010000035676
removed,틸트팩: 빙글빙글 대소동,15400,1540,90%,2025-10-08,2025/10/8 23:59,https://store.nintendo.co.kr/70010000037113
removed,헤븐 시커 이 잔혹한 세계를 구원하는 법 (HEAVEN SEEKER),21500,8600,60%,2025-10-08,2025/10/8 23:59,https://store.nintendo.co.kr/70010000086088
removed,로스트 스피어,44800,13440,70%,2025-10-08,2025/10/8 23:59,https://store.nintendo.co.kr/70010000035241
removed,퍼피 구조대: 그랑 프리 (PAW Patrol: Grand Prix),59800,35880,40%,2025-10-08,2025/10/8 23:59,https://store.nintendo.co.kr/70010000054714
removed,스커지브링어,17600,2640,85%,2025-10-08,2025/10/8 23:59,https://store.nintendo.co.kr/70010000031817
removed,루루아의 아틀리에 ～알란드의 연금술사4～,64800,21380,67%,2025-10-08,2025/10/8 23:59,https://store.nintendo.co.kr/70010000019738
removed,메탈슈츠: 카운터 어택（METAL SUITS: Counter-attack）,11000,7700,30%,2025-10-08,2025/10/8 23:59,https://store.nintendo.co.kr/70010000090236
removed,정령의 기사단,10000,3000,70%,2025-10-08,2025/10/8 23:59,https://store.nintendo.co.kr/70010000027943
removed,그랑브릭슈터(Grand Brix Shooter),9900,1980,80%,2025-10-08,2025/10/8 23:59,https://store.nintendo.co.kr/70010000021562
removed,Help Will Come Tomorrow,21500,1000,95%,2025-10-08,2025/10/8 23:59,https://store.nintendo.co.kr/70010000064791
removed,블레이즈 유니온 -STORY TO REACH THE FUTURE -,28600,14300,50%,2025-10-08,2025/10/8 23:59,https://store.nintendo.co.kr/70010000075345
removed,퓨리,19800,4950,75%,2025-10-08,2025/10/8 23:59,https://store.nintendo.co.kr/70010000009737
removed,마계전기 디스가이아4 Return,59800,29900,50%,2025-10-08,2025/10/8 23:59,https://store.nintendo.co.kr/70010000023371
removed,림스 레이싱 (RiMS Racing),49800,7470,85%,2025-10-08,2025/10/8 23:59,https://store.nintendo.co.kr/70010000048579
removed,The Amazing American Circus,16500,1500,91%,2025-10-08,2025/10/8 23:59,https://store.nintendo.co.kr/70010000064649
removed,서킷 슈퍼스타 (CIRCUIT SUPERSTARS),25000,20000,20%,2025-10-08,2025/10/8 23:59,https://store.nintendo.co.kr/70010000079104
removed,포 더 킹,24900,4980,80%,2025-10-08,2025/10/8 23:59,https://store.nintendo.co.kr/70010000029295
removed,리틀 프렌즈 -DOGS&CATS-,58000,29000,50%,2025-10-08,2025/10/8 23:59,https://store.nintendo.co.kr/70010000018237
removed,FINAL FANTASY V,21900,14010,36%,2025-10-08,2025/10/8 23:59,https://store.nintendo.co.kr/70010000056584
removed,레이 아케이드 크로놀로지,59800,29900,50%,2025-10-08,2025/10/8 23:59,https://store.nintendo.co.kr/70010000060021
removed,애프터이미지 (Afterimage),33000,9900,70%,2025-10-08,2025/10/8 23:59,https://store.nintendo.co.kr/70010000064527
removed,탐정 진구지 사부로 프리퀄 스토리 다이달로스 : 디 어웨이크닝 오브 골든 재즈,58000,6960,88%,2025-10-08,2025/10/8 23:59,https://store.nintendo.co.kr/70010000016610
removed,전설의 가면 조로 (Zorro The Chronicles),44800,4480,90%,2025-10-08,2025/10/8 23:59,https://store.nintendo.co.kr/70010000054671
removed,UDO：미확인 드릴체,19800,14800,25%,2025-10-08,2025/10/8 23:59,https://store.nintendo.co.kr/70010000086540
removed,Tribes of Midgard,24900,6220,75%,2025-10-08,2025/10/8 23:59,https://store.nintendo.co.kr/70010000043487
removed,젤다무쌍 하이랄의 전설들 DX,74800,49360,34%,2025-10-08,2025/10/8 23:59,https://store.nintendo.co.kr/70010000009162
removed,PICROSS Records of The Shield Hero,12000,9600,20%,2025-10-08,2025/10/8 23:59,https://store.nintendo.co.kr/70010000085155
removed,셜록 홈즈: 크라임 앤 퍼니시먼트,34800,8700,75%,2025-10-08,2025/10/8 23:59,https://store.nintendo.co.kr/70010000050236
removed,Outcasts of Dungeon: Epic Magic World Fight Rogue Game Simulator,6990,3990,43%,2025-10-08,2025/10/8 23:59,https://store.nintendo.co.kr/70010000057325
removed,트레인 라이프: 레일웨이 시뮬레이터 (Train Life - A Railway Simulator),37800,7560,80%,2025-10-08,2025/10/8 23:59,https://store.nintendo.co.kr/70010000048573
removed,데몬 고! (Demon Go!),3300,2310,30%,2025-10-08,2025/10/8 23:59,https://store.nintendo.co.kr/70010000080735
removed,가든 라이프: 코지 시뮬레이터 (Garden Life: A Cozy Simulator),49800,24900,50%,2025-10-08,2025/10/8 23:59,https://store.nintendo.co.kr/70010000078409
removed,노스가드 (Northgard),39800,9950,75%,2025-10-08,2025/10/8 23:59,https://store.nintendo.co.kr/70010000041134
removed,무쌍: 어비스,29800,22350,25%,2025-10-08,2025/10/8 23:59,https://store.nintendo.co.kr/70010000087148
removed,KASIORI,8000,4000,50%,2025-10-08,2025/10/8 23:59,https://store.nintendo.co.kr/70010000040653
removed,명예와 부의 게임（Vanity Fair: The Pursuit）,18000,12600,30%,2025-10-08,2025/10/8 23:59,https://store.nintendo.co.kr/70010000088677
removed,AOISHIRO HD REMASTER,15500,10000,35%,2025-10-08,2025/10/8 23:59,https://store.nintendo.co.kr/70010000062828
removed,제물과 눈의 세츠나,44800,13440,70%,2025-10-08,2025/10/8 23:59,https://store.nintendo.co.kr/70010000033793
removed,트랜스포머: 배틀그라운드,25000,6250,75%,2025-10-08,2025/10/8 23:59,https://store.nintendo.co.kr/70010000032871
removed,Big Pharma,32000,1500,95%,2025-10-08,2025/10/8 23:59,https://store.nintendo.co.kr/70010000064677
removed,라이덴 III × 미카도 매니악스 (Raiden III × MIKADO MANIAX),34800,17400,50%,2025-10-08,2025/10/8 23:59,https://store.nintendo.co.kr/70010000061569
removed,Princess Maker Go!Go! Princess,14800,5920,60%,2025-10-08,2025/10/8 23:59,https://store.nintendo.co.kr/70010000044227
removed,블레이드 점퍼,4900,2940,40%,2025-10-08,2025/10/8 23:59,https://store.nintendo.co.kr/70010000070935
removed,PICROSS S7,11000,8800,20%,2025-10-08,2025/10/8 23:59,https://store.nintendo.co.kr/70010000045832
removed,호텔 소울즈,8800,2640,70%,2025-10-08,2025/10/8 23:59,https://store.nintendo.co.kr/70010000031850
removed,쿠킹 컴패니언 (Cooking Companions),18700,14960,20%,2025-10-08,2025/10/8 23:59,https://store.nintendo.co.kr/70010000095413
removed,프롬 스페이스 (From Space),18700,6360,66%,2025-10-08,2025/10/8 23:59,https://store.nintendo.co.kr/70010000056298
removed,아이코노클라스트(Iconoclasts),21800,8720,60%,2025-10-08,2025/10/8 23:59,https://store.nintendo.co.kr/70010000015781
removed,사가 프론티어 리마스터 (SaGa Frontier Remastered),49800,24900,50%,2025-10-08,2025/10/8 23:59,https://store.nintendo.co.kr/70010000050601
removed,어스나이트,16800,5040,70%,2025-10-08,2025/10/8 23:59,https://store.nintendo.co.kr/70010000026986
removed,원펀치 (OnePunch),6000,4200,30%,2025-10-08,2025/10/8 23:59,https://store.nintendo.co.kr/70010000079011
removed,로맨싱 사가 2 리벤지 오브 더 세븐,59800,35800,40%,2025-10-08,2025/10/8 23:59,https://store.nintendo.co.kr/70010000078542
removed,영웅전설 여의 궤적 Ⅱ for Nintendo Switch,50000,35000,30%,2025-10-08,2025/10/8 23:59,https://store.nintendo.co.kr/70010000081159
removed,셰프 라이프 - 레스토랑 시뮬레이터 (Chef Life - A Restaurant Simulator),49800,12450,75%,2025-10-08,2025/10/8 23:59,https://store.nintendo.co.kr/70010000066410
removed,워블리 라이프 (Wobbly Life),31500,25200,20%,2025-10-08,2025/10/8 23:59,https://store.nintendo.co.kr/70010000092937
removed,레고® 2K 드라이브,34800,13920,60%,2025-10-08,2025/10/8 23:59,https://store.nintendo.co.kr/70010000054403
removed,MazM: 지킬 앤 하이드,15000,7500,50%,2025-10-08,2025/10/8 23:59,https://store.nintendo.co.kr/70010000027296
removed,엘렌타로스 원더링스,64800,38880,40%,2025-10-08,2025/10/8 23:59,https://store.nintendo.co.kr/70010000076812
removed,마이 판타스틱 랜치 (My Fantastic Ranch),49800,9960,80%,2025-10-08,2025/10/8 23:59,https://store.nintendo.co.kr/70010000061616
removed,SlidePuzzle,4500,1000,78%,2025-10-08,2025/10/8 23:59,https://store.nintendo.co.kr/70010000080656
removed,알바: 야생의 모험,22000,5500,75%,2025-10-08,2025/10/8 23:59,https://store.nintendo.co.kr/70010000040486
removed,마계전기DISGAEA６,54800,27400,50%,2025-10-08,2025/10/8 23:59,https://store.nintendo.co.kr/70010000037289
removed,MERGE BLOCK PUZZLE,4500,1000,78%,2025-10-08,2025/10/8 23:59,https://store.nintendo.co.kr/70010000082798
removed,엘더랜드 (Elderand),18700,7480,60%,2025-10-08,2025/10/8 23:59,https://store.nintendo.co.kr/70010000056558
removed,Brain Meltdown - Into Despair,8000,4000,50%,2025-10-08,2025/10/8 23:59,https://store.nintendo.co.kr/70010000043792
removed,괴수 전쟁,21500,4300,80%,2025-10-08,2025/10/8 23:59,https://store.nintendo.co.kr/70010000052816
removed,초차원게임 넵튠 Sisters vs Sisters 디지털 디럭스판,74800,44880,40%,2025-10-08,2025/10/8 23:59,https://store.nintendo.co.kr/70010000076805
removed,기어.클럽 언리미티드 2 (Gear.Club Unlimited 2),35000,3500,90%,2025-10-08,2025/10/8 23:59,https://store.nintendo.co.kr/70010000014890
removed,브램블: 산속의 왕 (Bramble: The Mountain King),37800,15120,60%,2025-10-08,2025/10/8 23:59,https://store.nintendo.co.kr/70010000063691
removed,크립트 커스토디안 (Crypt Custodian),26400,21120,20%,2025-10-08,2025/10/8 23:59,https://store.nintendo.co.kr/70010000085997
removed,보더랜드: 더 핸섬 컬렉션,44000,11000,75%,2025-10-08,2025/10/8 23:59,https://store.nintendo.co.kr/70010000025512
removed,테일즈 프롬 더 보더랜드,28000,16800,40%,2025-10-08,2025/10/8 23:59,https://store.nintendo.co.kr/70010000030247
removed,그래비티 서킷 (Gravity Circuit),27500,17880,35%,2025-10-08,2025/10/8 23:59,https://store.nintendo.co.kr/70010000065718
removed,Zombie Hunter: D-Day (좀비 헌터: 디데이),8900,3560,60%,2025-10-08,2025/10/8 23:59,https://store.nintendo.co.kr/70010000068376
removed,홍마성 레밀리아 비색의 교향곡（Koumajou Remilia: Scarlet Symphony）,29800,14900,50%,2025-10-08,2025/10/8 23:59,https://store.nintendo.co.kr/70010000042992
removed,DICE MAKE 10!,4500,1000,78%,2025-10-08,2025/10/8 23:59,https://store.nintendo.co.kr/70010000084987
removed,Jump King,20000,16000,20%,2025-10-08,2025/10/8 23:59,https://store.nintendo.co.kr/70010000033777
removed,네르케와 전설의 연금술사들 ~새로운 대지의 아틀리에~,64800,14900,77%,2025-10-08,2025/10/8 23:59,https://store.nintendo.co.kr/70010000010825
removed,XALADIA: Rise of the Space Pirates X2,19500,4870,75%,2025-10-08,2025/10/8 23:59,https://store.nintendo.co.kr/70010000068365
removed,Need for Drive - Car Racing,11990,4400,63%,2025-10-08,2025/10/8 23:59,https://store.nintendo.co.kr/70010000067162
removed,PICROSS S,8500,6800,20%,2025-10-08,2025/10/8 23:59,https://store.nintendo.co.kr/70010000030032
removed,드래곤 퀘스트 XI S 지나간 시간을 찾아서 - Definitive Edition,49800,24900,50%,2025-10-08,2025/10/8 23:59,https://store.nintendo.co.kr/70010000022822
removed,사이클 질주본능 DX,6000,1500,75%,2025-10-08,2025/10/8 23:59,https://store.nintendo.co.kr/70010000033107
removed,"린, 퍼즐에 그려진 소녀 이야기",8000,4000,50%,2025-10-08,2025/10/8 23:59,https://store.nintendo.co.kr/70010000045926
removed,Borderlands 3 Ultimate Edition,67800,27120,60%,2025-10-08,2025/10/8 23:59,https://store.nintendo.co.kr/70010000031758
removed,Escape the Backrooms BODYCAM,8990,4490,50%,2025-10-08,2025/10/8 23:59,https://store.nintendo.co.kr/70010000091792
removed,SaGa Frontier 2 Remastered,39800,29850,25%,2025-10-08,2025/10/8 23:59,https://store.nintendo.co.kr/70010000071638
removed,드래곤 퀘스트 빌더즈 2 파괴신 시도와 텅 빈 섬,54800,27300,50%,2025-10-08,2025/10/8 23:59,https://store.nintendo.co.kr/70010000020629
removed,NieR:Automata The End of YoRHa Edition,49800,19920,60%,2025-10-08,2025/10/8 23:59,https://store.nintendo.co.kr/70010000048605
removed,Drift Highway: Retro Console Edition,8100,4050,50%,2025-10-08,2025/10/8 23:59,https://store.nintendo.co.kr/70010000105357
removed,Alchemist Adventure/알케미스트 어드벤처,22800,4560,80%,2025-10-08,2025/10/8 23:59,https://store.nintendo.co.kr/70010000035052
removed,기적의 분식집,19800,9900,50%,2025-10-08,2025/10/8 23:59,https://store.nintendo.co.kr/70010000038654
removed,PICROSS S+,5500,4400,20%,2025-10-08,2025/10/8 23:59,https://store.nintendo.co.kr/70010000065383
removed,Puzzle Lights & Mushrooms 1000,4500,1000,78%,2025-10-08,2025/10/8 23:59,https://store.nintendo.co.kr/70010000092431
removed,아리와 사계절의 비밀,45000,9000,80%,2025-10-08,2025/10/8 23:59,https://store.nintendo.co.kr/70010000032184
removed,성탑신기 트리니티 트리거,64800,19440,70%,2025-10-08,2025/10/8 23:59,https://store.nintendo.co.kr/70010000057844
removed,사가 스칼렛 그레이스: 진홍색 야망,54800,16440,70%,2025-10-08,2025/10/8 23:59,https://store.nintendo.co.kr/70010000045224
removed,FINAL FANTASY,14900,9530,36%,2025-10-08,2025/10/8 23:59,https://store.nintendo.co.kr/70010000056564
removed,아케이드 파라다이스 (Arcade Paradise),25000,12500,50%,2025-10-08,2025/10/8 23:59,https://store.nintendo.co.kr/70010000044471
removed,Connect the Circuit 1000,4500,1000,78%,2025-10-08,2025/10/8 23:59,https://store.nintendo.co.kr/70010000089750
removed,BAND GIRLS,4620,2770,40%,2025-10-08,2025/10/8 23:59,https://store.nintendo.co.kr/70010000104980
removed,테니스 월드 투어 2,45000,4500,90%,2025-10-08,2025/10/8 23:59,https://store.nintendo.co.kr/70010000034181
removed,Rally Racing: Cars & Drift Mania,10500,5250,50%,2025-10-08,2025/10/8 23:59,https://store.nintendo.co.kr/70010000072115
removed,나의 이혼 이야기,8000,4000,50%,2025-10-08,2025/10/8 23:59,https://store.nintendo.co.kr/70010000052507
removed,원더보이 리턴즈 리믹스,15000,7500,50%,2025-10-08,2025/10/8 23:59,https://store.nintendo.co.kr/70010000018262
removed,TriggerHeart EXELICA,21500,17200,20%,2025-10-08,2025/10/8 23:59,https://store.nintendo.co.kr/70010000077483
removed,Risk of Rain 2,29000,7250,75%,2025-10-08,2025/10/8 23:59,https://store.nintendo.co.kr/70010000022858
removed,PICROSS S8,11000,8800,20%,2025-10-08,2025/10/8 23:59,https://store.nintendo.co.kr/70010000051572
removed,FINAL FANTASY VI,21900,14010,36%,2025-10-08,2025/10/8 23:59,https://store.nintendo.co.kr/70010000056589
removed,애스트럴 어센트 (Astral Ascent),31500,22050,30%,2025-10-08,2025/10/8 23:59,https://store.nintendo.co.kr/70010000070061
removed,Chasm: The Rift,19800,4950,75%,2025-10-08,2025/10/8 23:59,https://store.nintendo.co.kr/70010000065060
removed,유미아의 아틀리에 ~추억의 연금술사와 창환의 땅~,69800,48860,30%,2025-10-08,2025/10/8 23:59,https://store.nintendo.co.kr/70010000085994
removed,나쁜 왕과 훌륭한 용사,49800,24900,50%,2025-10-08,2025/10/8 23:59,https://store.nintendo.co.kr/70010000042432
removed,영웅전설 시작의 궤적,64800,25920,60%,2025-10-08,2025/10/8 23:59,https://store.nintendo.co.kr/70010000042184
removed,Сaptain Blood,36000,24120,33%,2025-10-08,2025/10/8 23:59,https://store.nintendo.co.kr/70010000085240
removed,FINAL FANTASY VIII Remastered,25900,10360,60%,2025-10-08,2025/10/8 23:59,https://store.nintendo.co.kr/70010000019036
removed,닌자 세이비어 : 리턴 오브 워리어즈,39000,19500,50%,2025-10-08,2025/10/8 23:59,https://store.nintendo.co.kr/70010000019844
removed,동방스펠버블,58000,29000,50%,2025-10-08,2025/10/8 23:59,https://store.nintendo.co.kr/70010000033444
removed,어비스 시커 심연의 끝에서 무엇을 볼 것인가 (ABYSS SEEKER),2300,1720,25%,2025-10-08,2025/10/8 23:59,https://store.nintendo.co.kr/70010000092562
removed,사막의 찍찍이 유랑단,12000,4800,60%,2025-10-08,2025/10/8 23:59,https://store.nintendo.co.kr/70010000013577
removed,GINKA,28190,19730,30%,2025-10-08,2025/10/8 23:59,https://store.nintendo.co.kr/70010000080525
removed,Sid Meier's Civilization® VII (시드 마이어의 문명® VII),67800,47460,30%,2025-10-08,2025/10/8 23:59,https://store.nintendo.co.kr/70010000041427
removed,마계전기 디스가이아Refine,59800,29900,50%,2025-10-08,2025/10/8 23:59,https://store.nintendo.co.kr/70010000011281
removed,데몬 게이즈 엑스트라（DEMON GAZE EXTRA）,68800,13760,80%,2025-10-08,2025/10/8 23:59,https://store.nintendo.co.kr/70010000045821
removed,TT 아일 오브 맨 3 (TT Isle of Man: Ride on the Edge 3),59800,17940,70%,2025-10-08,2025/10/8 23:59,https://store.nintendo.co.kr/70010000068985
removed,그래플 도그 (Grapple Dog),18700,4680,75%,2025-10-08,2025/10/8 23:59,https://store.nintendo.co.kr/70010000057361
removed,로맨싱 사가 2,49800,14940,70%,2025-10-08,2025/10/8 23:59,https://store.nintendo.co.kr/70010000044150
removed,Gym Business : Fitness Empire Simulator,13990,4190,70%,2025-10-08,2025/10/8 23:59,https://store.nintendo.co.kr/70010000084718
removed,러브러브 스위츠 ~너와 나의 비밀 레시피~,49800,19920,60%,2025-10-08,2025/10/8 23:59,https://store.nintendo.co.kr/70010000018834
removed,World for Two,14000,5600,60%,2025-10-08,2025/10/8 23:59,https://store.nintendo.co.kr/70010000042889
removed,CRISIS CORE –FINAL FANTASY VII– REUNION,62000,24800,60%,2025-10-08,2025/10/8 23:59,https://store.nintendo.co.kr/70010000048002
removed,레드아웃 2 (Redout 2),22900,11450,50%,2025-10-08,2025/10/8 23:59,https://store.nintendo.co.kr/70010000055066
removed,클로즈드 나이트메어,59800,29900,50%,2025-10-08,2025/10/8 23:59,https://store.nintendo.co.kr/70010000009888
removed,코만도스 3 - HD 리마스터 (Commandos 3 - HD Remaster),39800,19900,50%,2025-10-08,2025/10/8 23:59,https://store.nintendo.co.kr/70010000057294
removed,사무라이 쇼다운 네오지오 컬렉션,44500,17800,60%,2025-10-08,2025/10/8 23:59,https://store.nintendo.co.kr/70010000029187
removed,The ZVENGERS -INFINITY DEFENSE- (짤벤져스),1900,1710,10%,2025-10-08,2025/10/8 23:59,https://store.nintendo.co.kr/70010000074204
removed,이스 VIII -Lacrimosa of DANA-,59800,29900,50%,2025-10-08,2025/10/8 23:59,https://store.nintendo.co.kr/70010000027030
removed,콥스 이터 모험가의 밥상,59800,29900,50%,2025-10-08,2025/10/8 23:59,https://store.nintendo.co.kr/70010000048975
removed,레미로어 ~소녀와 이세계와 마도서~,41250,30900,25%,2025-10-08,2025/10/8 23:59,https://store.nintendo.co.kr/70010000013601
removed,TT 아일 오브 맨 2,59800,5980,90%,2025-10-08,2025/10/8 23:59,https://store.nintendo.co.kr/70010000029871
removed,World War Z,45000,11250,75%,2025-10-08,2025/10/8 23:59,https://store.nintendo.co.kr/70010000047257
removed,베어 너클 4,29800,10430,65%,2025-10-08,2025/10/8 23:59,https://store.nintendo.co.kr/70010000028292
removed,저글러 테일,19800,1980,90%,2025-10-08,2025/10/8 23:59,https://store.nintendo.co.kr/70010000046500
removed,Life is Strange Arcadia Bay Collection,44800,17920,60%,2025-10-08,2025/10/8 23:59,https://store.nintendo.co.kr/70010000029398
removed,론 루인 (Lone Ruin),18700,4680,75%,2025-10-08,2025/10/8 23:59,https://store.nintendo.co.kr/70010000057358
removed,Sparking Beam Strike 1000,4500,1000,78%,2025-10-08,2025/10/8 23:59,https://store.nintendo.co.kr/70010000088672
removed,마키나이츠 -블러드 바고스-,3000,2100,30%,2025-10-08,2025/10/8 23:59,https://store.nintendo.co.kr/70010000019367
removed,크리스 테일즈 (Cris Tales),45000,9000,80%,2025-10-08,2025/10/8 23:59,https://store.nintendo.co.kr/70010000040196
removed,팬텀 브레이브,29800,20860,30%,2025-10-08,2025/10/8 23:59,https://store.nintendo.co.kr/70010000087916
removed,모노크롬 월드,10000,3000,70%,2025-10-08,2025/10/8 23:59,https://store.nintendo.co.kr/70010000028470
removed,QV(큐브이),14800,4440,70%,2025-10-08,2025/10/8 23:59,https://store.nintendo.co.kr/70010000032520
removed,MODEL Debut #nicola/모델 데뷔 니콜라,54800,21920,60%,2025-10-08,2025/10/8 23:59,https://store.nintendo.co.kr/70010000028465
removed,PICROSS S5,11000,8800,20%,2025-10-08,2025/10/8 23:59,https://store.nintendo.co.kr/70010000035105
removed,피싱 스타 월드 투어,39000,11700,70%,2025-10-08,2025/10/8 23:59,https://store.nintendo.co.kr/70010000027449
removed,Picross -LogiartGrimoire-,21500,17200,20%,2025-10-08,2025/10/8 23:59,https://store.nintendo.co.kr/70010000078220
removed,FINAL FANTASY X/X-2 HD Remaster,54400,21500,60%,2025-10-08,2025/10/8 23:59,https://store.nintendo.co.kr/70010000016261
removed,페어리 펜서 F 리프레인 코드 디지털 디럭스판,84800,63600,25%,2025-10-08,2025/10/8 23:59,https://store.nintendo.co.kr/70010000066500
removed,Ground Divers!,16500,9900,40%,2025-10-08,2025/10/8 23:59,https://store.nintendo.co.kr/70010000052540
removed,Starward Rogue,16500,2400,85%,2025-10-08,2025/10/8 23:59,https://store.nintendo.co.kr/70010000073152
removed,Gift,27000,7560,72%,2025-10-08,2025/10/8 23:59,https://store.nintendo.co.kr/70010000072415
removed,미궁전설,19800,5940,70%,2025-10-08,2025/10/8 23:59,https://store.nintendo.co.kr/70010000049568
removed,Mortal Glory 2,13500,12150,10%,2025-10-08,2025/10/8 23:59,https://store.nintendo.co.kr/70010000092359
removed,페어리 펜서 F 리프레인 코드,64800,19440,70%,2025-10-08,2025/10/8 23:59,https://store.nintendo.co.kr/70010000061014
removed,던전스 4 (Dungeons 4),59800,47840,20%,2025-10-08,2025/10/8 23:59,https://store.nintendo.co.kr/70010000070884
removed,팡 어드벤처스,9900,4450,55%,2025-10-08,2025/10/8 23:59,https://store.nintendo.co.kr/70010000033046
removed,매치포인트 - 테니스 챔피언십 | 레전드 에디션 (Matchpoint - Tennis Championships | Legends Edition),59800,29900,50%,2025-10-08,2025/10/8 23:59,https://store.nintendo.co.kr/70010000050931
removed,로맨싱 사가 2 리벤지 오브 더 세븐 Nintendo Switch 2 Edition,59800,35880,40%,2025-10-08,2025/10/8 23:59,https://store.nintendo.co.kr/70010000098272
removed,위체(Wicce),8000,2400,70%,2025-10-08,2025/10/8 23:59,https://store.nintendo.co.kr/70010000040646
removed,초차원게임 넵튠 Sisters vs Sisters,59800,29900,50%,2025-10-08,2025/10/8 23:59,https://store.nintendo.co.kr/70010000074014
removed,팔코니어: 워리어 에디션(The Falconeer: Warrior Edition),35000,8750,75%,2025-10-08,2025/10/8 23:59,https://store.nintendo.co.kr/70010000044468
removed,타이토 마일스톤 2,49000,24500,50%,2025-10-08,2025/10/8 23:59,https://store.nintendo.co.kr/70010000066497
removed,영웅전설 제로의 궤적: Kai,39800,15920,60%,2025-10-08,2025/10/8 23:59,https://store.nintendo.co.kr/70010000035980
removed,Amelia's Garden,13200,1990,85%,2025-10-08,2025/10/8 23:59,https://store.nintendo.co.kr/70010000087238
removed,코아와 마라의 다섯 해적들,28700,18600,35%,2025-10-08,2025/10/8 23:59,https://store.nintendo.co.kr/70010000062054
removed,러피와 리버사이드 (Ruffy And The Riverside),26400,21120,20%,2025-10-08,2025/10/8 23:59,https://store.nintendo.co.kr/70010000091543
removed,진격의거인２ -Final Battle-,64800,32400,50%,2025-10-08,2025/10/8 23:59,https://store.nintendo.co.kr/70070000006284
removed,와일드 건즈 리로디드,39000,15600,60%,2025-10-08,2025/10/8 23:59,https://store.nintendo.co.kr/70010000009065
removed,영웅전설 섬의 궤적 II: Kai -The Erebonian Civil War-,42000,16800,60%,2025-10-08,2025/10/8 23:59,https://store.nintendo.co.kr/70010000040394
removed,셜록 홈즈: 데빌스 도터,34800,8700,75%,2025-10-08,2025/10/8 23:59,https://store.nintendo.co.kr/70010000050239
removed,PICROSS S NAMCO LEGENDARY edition,12000,9600,20%,2025-10-08,2025/10/8 23:59,https://store.nintendo.co.kr/70010000076524
removed,orbit.industries,21500,3200,85%,2025-10-08,2025/10/8 23:59,https://store.nintendo.co.kr/70010000064656
removed,애니멀 워터팡! (Animal Water Pang!),3000,2100,30%,2025-10-08,2025/10/8 23:59,https://store.nintendo.co.kr/70010000082578
removed,PROGRESS ORDERS,27090,18960,30%,2025-10-08,2025/10/8 23:59,https://store.nintendo.co.kr/70010000079963
removed,요마와리 3: 떠도는 밤,54800,27400,50%,2025-10-08,2025/10/8 23:59,https://store.nintendo.co.kr/70010000054077
removed,캡틴 벨벳 메테오: JUMP+ 디멘션스,26000,10400,60%,2025-10-08,2025/10/8 23:59,https://store.nintendo.co.kr/70010000054868
removed,타이토 마일스톤,49000,24500,50%,2025-10-08,2025/10/8 23:59,https://store.nintendo.co.kr/70010000048068
removed,MazM: 오페라의 유령,15000,7500,50%,2025-10-08,2025/10/8 23:59,https://store.nintendo.co.kr/70010000035803
removed,레일웨이 엠파이어 2 (Railway Empire 2),59800,35880,40%,2025-10-08,2025/10/8 23:59,https://store.nintendo.co.kr/70010000069494
removed,스너프킨: 무민 골짜기의 멜로디,24900,17430,30%,2025-10-08,2025/10/8 23:59,https://store.nintendo.co.kr/70010000069112
removed,셔터냥! Enhanced Edition,15000,6000,60%,2025-10-08,2025/10/8 23:59,https://store.nintendo.co.kr/70010000052745
removed,커브드 스페이스 (Curved Space),19800,3960,80%,2025-10-08,2025/10/8 23:59,https://store.nintendo.co.kr/70010000040814
removed,C.A.R.D.S. RPG: The Misty Battlefield,42000,16790,60%,2025-10-08,2025/10/8 23:59,https://store.nintendo.co.kr/70010000072851
removed,마리의 아틀리에 Remake ~잘부르그의 연금술사~,59800,29900,50%,2025-10-08,2025/10/8 23:59,https://store.nintendo.co.kr/70010000059379
removed,Counter Bottle Shooter-Pro Aim Master Target Bottle Shoot 3D Game Strike Pistol,4990,3940,21%,2025-10-08,2025/10/8 23:59,https://store.nintendo.co.kr/70010000061918
removed,"Is It Wrong to Try to Pick Up Girls in a Dungeon?
~Fullland of Water and Light~",53000,42400,20%,2025-10-08,2025/10/8 23:59,https://store.nintendo.co.kr/70010000091591
removed,문명 VI,34000,6800,80%,2025-10-08,2025/10/8 23:59,https://store.nintendo.co.kr/70010000014595
removed,FAIRY TAIL,69800,23030,67%,2025-10-08,2025/10/8 23:59,https://store.nintendo.co.kr/70010000022096
removed,Ancient Weapon Holly,19500,8770,55%,2025-10-08,2025/10/8 23:59,https://store.nintendo.co.kr/70010000073015
removed,Grand Theft Auto: 트릴로지 – 데피니티브 에디션,65000,26000,60%,2025-10-08,2025/10/8 23:59,https://store.nintendo.co.kr/70070000013215
removed,MAD RAT DEAD,59800,29900,50%,2025-10-08,2025/10/8 23:59,https://store.nintendo.co.kr/70010000031948
removed,네바에(Nevaeh),12800,3840,70%,2025-10-08,2025/10/8 23:59,https://store.nintendo.co.kr/70010000033266
removed,SAME BREAK GAME,4500,1000,78%,2025-10-08,2025/10/8 23:59,https://store.nintendo.co.kr/70010000083687
removed,세이비어 오브 디 어비스,9900,4950,50%,2025-10-08,2025/10/8 23:59,https://store.nintendo.co.kr/70010000057412
removed,마계전기 디스가이아7,31250,21750,30%,2025-10-08,2025/10/8 23:59,https://store.nintendo.co.kr/70010000062199
removed,테슬라그라드 2 (Teslagrad 2),25000,6250,75%,2025-10-08,2025/10/8 23:59,https://store.nintendo.co.kr/70010000064524
removed,Chompy Chomp Chomp Party,14000,3500,75%,2025-10-08,2025/10/8 23:59,https://store.nintendo.co.kr/70010000041541
removed,서바이브! 미스터 큐브,14800,2960,80%,2025-10-08,2025/10/8 23:59,https://store.nintendo.co.kr/70010000010625
removed,뱀파이어: 마스커레이드 - 스완송 (Vampire: The Masquerade - Swansong),64800,12960,80%,2025-10-08,2025/10/8 23:59,https://store.nintendo.co.kr/70010000053793
removed,BUCCANYAR,69800,10000,86%,2025-10-08,2025/10/8 23:59,https://store.nintendo.co.kr/70010000057896
removed,Arcana of Paradise —The Tower—,25000,10000,60%,2025-10-08,2025/10/8 23:59,https://store.nintendo.co.kr/70010000061608
removed,뮬라카(Mulaka),21800,3270,85%,2025-10-08,2025/10/8 23:59,https://store.nintendo.co.kr/70010000013864
removed,젠장! 미녀들한테 포위당했어!,18000,9000,50%,2025-10-08,2025/10/8 23:59,https://store.nintendo.co.kr/70010000083430
removed,The Binding of Isaac: Repentance,51500,38620,25%,2025-10-08,2025/10/8 23:59,https://store.nintendo.co.kr/70010000046719
removed,호기휴 with 프렌즈（HORGIHUGH with Friends）,22000,6600,70%,2025-10-08,2025/10/8 23:59,https://store.nintendo.co.kr/70010000051369
removed,Food Truck Business Simulator,9990,3990,60%,2025-10-08,2025/10/8 23:59,https://store.nintendo.co.kr/70010000088689
removed,크라운 워: 더 블랙 프린스 (Crown Wars: The Black Prince),49800,19920,60%,2025-10-08,2025/10/8 23:59,https://store.nintendo.co.kr/70010000089776
removed,스피릿 럭키의 위대한 모험(DreamWorks Spirit Lucky's Big Adventure),35000,8750,75%,2025-10-08,2025/10/8 23:59,https://store.nintendo.co.kr/70010000037204
removed,테슬라그라드 리마스터 (Teslagrad Remastered),14900,3730,75%,2025-10-08,2025/10/8 23:59,https://store.nintendo.co.kr/70010000064861
removed,TEVI,37500,26250,30%,2025-10-08,2025/10/8 23:59,https://store.nintendo.co.kr/70010000072223
removed,칼리굴라 오버도즈,54800,13700,75%,2025-10-08,2025/10/8 23:59,https://store.nintendo.co.kr/70010000016043
removed,마이티 스위치 포스! 컬렉션,22000,7700,65%,2025-10-08,2025/10/8 23:59,https://store.nintendo.co.kr/70010000048352
removed,메탈 슬러그 택틱스 (Super Vehicle-001 Metal Slug Tactics),33000,23100,30%,2025-10-08,2025/10/8 23:59,https://store.nintendo.co.kr/70010000073184
removed,킬라킬 더 게임 -IF-,64800,6480,90%,2025-10-08,2025/10/8 23:59,https://store.nintendo.co.kr/70010000020297
removed,오니가 우는 나라,44800,13440,70%,2025-10-08,2025/10/8 23:59,https://store.nintendo.co.kr/70010000029970
removed,FAIRY TAIL 2,69800,45370,35%,2025-10-08,2025/10/8 23:59,https://store.nintendo.co.kr/70010000082887
removed,Life is Strange: Double Exposure,59800,29900,50%,2025-10-08,2025/10/8 23:59,https://store.nintendo.co.kr/70010000083309
removed,폴른 레기온 -영광의 계보-,39000,11700,70%,2025-10-08,2025/10/8 23:59,https://store.nintendo.co.kr/70010000012976
removed,영웅전설 섬의 궤적 I: Kai -Thors Military Academy 1204-,42000,16800,60%,2025-10-08,2025/10/8 23:59,https://store.nintendo.co.kr/70010000040058
removed,Pour cappuccino 1000,4500,1000,78%,2025-10-08,2025/10/8 23:59,https://store.nintendo.co.kr/70010000086545
removed,탐정 진구지 사부로 프리즘 오브 아이즈,58000,10440,82%,2025-10-08,2025/10/8 23:59,https://store.nintendo.co.kr/70010000015254
removed,길고양이 이야기 2: 집밖은 위험해,14900,5960,60%,2025-10-08,2025/10/8 23:59,https://store.nintendo.co.kr/70010000076050
removed,VIRTUAL GIRL @ WORLD’S END,27000,21600,20%,2025-10-08,2025/10/8 23:59,https://store.nintendo.co.kr/70010000092038
removed,PICROSS S4,11000,8800,20%,2025-10-08,2025/10/8 23:59,https://store.nintendo.co.kr/70010000028782
removed,FINAL FANTASY III,21900,14010,36%,2025-10-08,2025/10/8 23:59,https://store.nintendo.co.kr/70010000056574
removed,슈퍼 나나루 (SUPER NANARU),9900,4950,50%,2025-10-08,2025/10/8 23:59,https://store.nintendo.co.kr/70010000050779
removed,XCOM 2 컬렉션,54000,8100,85%,2025-10-08,2025/10/8 23:59,https://store.nintendo.co.kr/70010000025494
removed,소원(SOWON) : 이상한 장난감 세상,8900,4450,50%,2025-10-08,2025/10/8 23:59,https://store.nintendo.co.kr/70010000070930
removed,세션: 스케이트 시뮬레이션(Session: Skate Sim),59800,17940,70%,2025-10-08,2025/10/8 23:59,https://store.nintendo.co.kr/70010000059405
removed,영웅전설 벽의 궤적: Kai,39800,15920,60%,2025-10-08,2025/10/8 23:59,https://store.nintendo.co.kr/70010000036006
removed,썸썸 편의점,22800,11400,50%,2025-10-08,2025/10/8 23:59,https://store.nintendo.co.kr/70010000073131
removed,DreamWorks 드래곤 길들이기: 아홉왕국의 전설 (DreamWorks Dragons: Legends of The Nine Realms),59800,14950,75%,2025-10-08,2025/10/8 23:59,https://store.nintendo.co.kr/70010000054705
removed,Hidden Cats in Tokyo,7900,5900,25%,2025-10-08,2025/10/8 23:59,https://store.nintendo.co.kr/70010000095499
removed,RPG 타임! ~라이트의 전설~（RPG Time: The Legend of Wright）,39400,9850,75%,2025-10-08,2025/10/8 23:59,https://store.nintendo.co.kr/70010000052684
removed,울트라에이지,34800,13920,60%,2025-10-08,2025/10/8 23:59,https://store.nintendo.co.kr/70010000025088
removed,성검전설3 TRIALS of MANA (한국어판),59800,23920,60%,2025-10-08,2025/10/8 23:59,https://store.nintendo.co.kr/70010000025168
removed,크라이마키나,69800,20940,70%,2025-10-08,2025/10/8 23:59,https://store.nintendo.co.kr/70010000064711
removed,사무라이 쇼다운,59800,17940,70%,2025-10-08,2025/10/8 23:59,https://store.nintendo.co.kr/70010000022616
removed,The MISSING -J.J 맥필드와 추억의 섬-,29900,5980,80%,2025-10-08,2025/10/8 23:59,https://store.nintendo.co.kr/70010000014944
removed,바다표범 전철,4000,1600,60%,2025-10-08,2025/10/8 23:59,https://store.nintendo.co.kr/70010000040433
removed,우울한 눈동자,34990,27990,20%,2025-10-08,2025/10/8 23:59,https://store.nintendo.co.kr/70010000098799
removed,로그북 (Roguebook),24900,3740,85%,2025-10-08,2025/10/8 23:59,https://store.nintendo.co.kr/70010000048570
removed,포트 로얄 4 (Port Royale 4),49800,14940,70%,2025-10-08,2025/10/8 23:59,https://store.nintendo.co.kr/70010000037402
removed,길고양이 이야기,8000,3200,60%,2025-10-08,2025/10/8 23:59,https://store.nintendo.co.kr/70010000027706
removed,TONGTONG,4500,3600,20%,2025-10-08,2025/10/8 23:59,https://store.nintendo.co.kr/70010000093900
removed,마계전기 디스가이아5,59800,29900,50%,2025-10-08,2025/10/8 23:59,https://store.nintendo.co.kr/70010000011854
removed,Life is Strange 2,27800,8340,70%,2025-10-08,2025/10/8 23:59,https://store.nintendo.co.kr/70010000029408
removed,슈퍼 알로이 레인저,16500,9900,40%,2025-10-08,2025/10/8 23:59,https://store.nintendo.co.kr/70010000063408
removed,비포 더 나이트 (Before the Night),23000,9200,60%,2025-10-08,2025/10/8 23:59,https://store.nintendo.co.kr/70010000065273
removed,모비드: 일곱 명의 사도,26000,2600,90%,2025-10-08,2025/10/8 23:59,https://store.nintendo.co.kr/70010000037870
removed,WRC 10 FIA 월드 랠리 챔피언십,49800,4980,90%,2025-10-08,2025/10/8 23:59,https://store.nintendo.co.kr/70010000048567
removed,WRC 9 FIA 월드 랠리 챔피언십,39800,3980,90%,2025-10-08,2025/10/8 23:59,https://store.nintendo.co.kr/70010000034188
removed,거짓말쟁이 공주와 눈먼 왕자,59800,29900,50%,2025-10-08,2025/10/8 23:59,https://store.nintendo.co.kr/70010000010823
removed,모비드: 분노의 군주 (Morbid: The Lords of Ire),39800,15920,60%,2025-10-08,2025/10/8 23:59,https://store.nintendo.co.kr/70010000078738
removed,스페이스베이스 스타토피아 (Spacebase Startopia),49800,7470,85%,2025-10-08,2025/10/8 23:59,https://store.nintendo.co.kr/70010000037509
removed,후 이즈 좀비,8900,4450,50%,2025-10-08,2025/10/8 23:59,https://store.nintendo.co.kr/70010000047133
removed,PICROSS S Doraemon & F Characters edition,12000,9600,20%,2025-10-08,2025/10/8 23:59,https://store.nintendo.co.kr/70010000083348
removed,드래곤 퀘스트 III HD-2D Remake,69800,45370,35%,2025-10-08,2025/10/8 23:59,https://store.nintendo.co.kr/70010000077712
removed,리듬 피트니스 HOME FiT,58000,29000,50%,2025-10-08,2025/10/8 23:59,https://store.nintendo.co.kr/70010000042719
removed,샷건 킹 : 더 파이널 체크메이트 (Shotgun King: The Final Checkmate),15600,10920,30%,2025-10-08,2025/10/8 23:59,https://store.nintendo.co.kr/70010000068074
removed,신 하야리가미 3,54800,43840,20%,2025-10-08,2025/10/8 23:59,https://store.nintendo.co.kr/70010000048343
removed,미닛 오브 아일랜드 (Minute Of Islands),20500,2050,90%,2025-10-08,2025/10/8 23:59,https://store.nintendo.co.kr/70010000043124
removed,데스티니 커넥트,49800,24900,50%,2025-10-08,2025/10/8 23:59,https://store.nintendo.co.kr/70010000017901
removed,COTTOn Rock'n'Roll　-SUPERLLATIVE NIGHT DREAMS-,59800,10000,83%,2025-10-08,2025/10/8 23:59,https://store.nintendo.co.kr/70010000047654
removed,Symmetrical logic puzzles 1000,4500,1000,78%,2025-10-08,2025/10/8 23:59,https://store.nintendo.co.kr/70010000088630
removed,버블보블 4 프렌즈,49800,14940,70%,2025-10-08,2025/10/8 23:59,https://store.nintendo.co.kr/70010000024515
removed,夏目友人帳 ～葉月の記～（나츠메 우인장 ～하즈키의 기록～）,53000,42400,20%,2025-10-08,2025/10/8 23:59,https://store.nintendo.co.kr/70010000090832
removed,나이츠 인 더 나이트메어,28600,14300,50%,2025-10-08,2025/10/8 23:59,https://store.nintendo.co.kr/70010000057907
removed,인페르낙스 (Infernax),25000,15000,40%,2025-10-08,2025/10/8 23:59,https://store.nintendo.co.kr/70010000049375
removed,다운폴 (Downfall),5900,4130,30%,2025-10-08,2025/10/8 23:59,https://store.nintendo.co.kr/70010000076045
removed,Crash Puzzle Hammer-San,11000,3850,65%,2025-10-08,2025/10/8 23:59,https://store.nintendo.co.kr/70010000085315
removed,요마와리+신요마와리 for Nintendo Switch,59800,29900,50%,2025-10-08,2025/10/8 23:59,https://store.nintendo.co.kr/70010000012086
removed,WRC 제너레이션 - FIA 월드 랠리 챔피언십,49800,9960,80%,2025-10-08,2025/10/8 23:59,https://store.nintendo.co.kr/70010000058667
removed,홍마성 레밀리아 Ⅱ 요환의 진혼가 (Koumajou Remilia Ⅱ: Stranger's Requiem),29800,14900,50%,2025-10-08,2025/10/8 23:59,https://store.nintendo.co.kr/70010000070698
removed,MODEL Debut 2 #nicola/모델 데뷔 2 니콜라,54800,21920,60%,2025-10-08,2025/10/8 23:59,https://store.nintendo.co.kr/70010000051204
removed,Banana-Clicker,3990,2900,27%,2025-10-08,2025/10/8 23:59,https://store.nintendo.co.kr/70010000089367
